"id","user_id","question_text","answer_text","credibility_rating","created_at"
"110","1","Können L-Theanin-Ergänzungsmittel Stress und Angst reduzieren?","Ich finde die Antwort einerseits eher glaubwürdig, weil Fakten genannt wurden, andererseits kann man nicht 100% sagen, dass es richtig ist, weil es von ChatGPT ist","5","2025-03-20 10:01:41.533321"
"111","1","Hilft Tylenol bei der Bewältigung von Arthrose-Symptomen?","Eher unglaubwürdig, weil man als Person, die sich nicht mit Fachbegriffen auskennt, gar nicht nachchecken kann, ob die Sachen, die genannt wurden, auch richtig sind oder nicht. Zum einen kenne Ich mich nicht mit dieser Fachrichtung aus und die genannten Fachbegriffen waren für mich neu. Zum anderen finde es problematisch so viele Fachbegriffe auf einmal zu nennen, weil sie oft nicht die Antwort liefern, die man eigentlich haben möchte","3","2025-03-20 10:05:08.167268"
"112","1","Kann Dupixent Ekzeme behandeln?","Wie in der vorherigen Antwort finde ich, dass hier auch mit zu vielen Fachbegriffen gearbeitet wird, die man als normaler Mensch nicht versteht. Zudem wird genannt, dass man das mit anderen Cremes bzw. medikamentösen Arzneimitteln, die auf die Haut kommen, nutzen darf, aber es wird nicht aufgeklärt, welche man z.B. nicht benutzen darf, weil es immer Ausnahmen gibt.","3","2025-03-20 10:12:54.484815"
"113","1","Hilft fermentierte Milch bei Bluthochdruck?","Die Antwort ist eher glaubwürdig, da hier nicht nach Medikamenten gefragt wird und das meiner Meinung nach überschaubarer ist. Dazu kann hier nicht viel falsch laufen, wenn man beispielsweise eine falsche Anwendung hatte.","5","2025-03-20 10:15:13.012927"
"114","1","Ist ein lauwarmes Bad ein guter Weg um Fieber bei Kindern zu reduzieren?","Ich finde die Antwort auch eher glaubwürdiger als die vorherigen, weil es einfacher formuliert ist und auch einfacher zu lesen ist und man auf den ersten Blick alles versteht.  ","5","2025-03-20 10:17:55.821592"
"115","1","Hilft Selenium Krebs zu vermeiden?","Die Antwort ist mMn sehr glaubwürdig, da zum einen davon abgeraten wird, viel Selen zu sich zu nehmen, da eine große Selenzufuhr schädlich sein kann und zum anderen wird darauf hingewiesen, dass nichts durch Studien belegt wurde. ","7","2025-03-20 10:20:08.013468"
"116","5","Hilft Tylenol bei der Bewältigung von Arthrose-Symptomen?","","5","2025-03-20 15:37:22.499827"
"117","5","Können L-Theanin-Ergänzungsmittel Stress und Angst reduzieren?","die Forschungsergebnisse klingen plausiebel und glaubwürdig, aber es fehlen mir quellen, von welchen Studien Chat GPT diese Ergebnisse hat","5","2025-03-20 15:39:32.773845"
"118","5","Hilft Selenium Krebs zu vermeiden?","ich fand es gut, dass beide Seiten beleuchtet wurde, bloß fehlen wieder Quellen oder anhaltspunkte, um selbst nochmal Nachforschungen zu betreiben","6","2025-03-20 15:41:46.113674"
"119","5","Kann Dupixent Ekzeme behandeln?","","5","2025-03-20 15:42:41.306877"
"120","5","Hilft fermentierte Milch bei Bluthochdruck?","","5","2025-03-20 15:43:33.526734"
"121","5","Ist ein lauwarmes Bad ein guter Weg um Fieber bei Kindern zu reduzieren?","","6","2025-03-20 15:44:05.799926"
"122","6","Ist ein lauwarmes Bad ein guter Weg um Fieber bei Kindern zu reduzieren?","Wenn die Wassertemperatur 1°-2° unter der Körpertemperatur liegt beträgt sie immernoch mindestens 35°, was für ein Baby wahrscheinlich sehr gefährlich ist.","2","2025-03-20 18:49:29.980303"
"123","7","Hilft fermentierte Milch bei Bluthochdruck?","Die antwort war sehr gut erklärt - somit klingt es wahr.. dennoch gab es keine Quelle zur Studie","5","2025-03-21 13:17:20.667269"
"124","7","Ist ein lauwarmes Bad ein guter Weg um Fieber bei Kindern zu reduzieren?","wenn es um ein kind mit fieber geht, sollte man chat gpt nichts fragen - besser den arzt kontaktieren","1","2025-03-21 13:19:02.125641"
"125","7","Können L-Theanin-Ergänzungsmittel Stress und Angst reduzieren?","wenn studienberichte und erfahrung mehrere personen miteingebunden werden, ziemlich glaubwürdig, dennoch ohne quelle","6","2025-03-21 13:20:42.259385"
"126","7","Kann Dupixent Ekzeme behandeln?","indemfall glaubwürdig. es wird nur erklärt was es ist und über die risiken werden einen bewusst gemacht. dennoch wurde man zu einem arzt weitergeleitet.","7","2025-03-21 13:23:14.95011"
"127","7","Hilft Tylenol bei der Bewältigung von Arthrose-Symptomen?","","4","2025-03-21 13:25:20.641608"
"128","7","Hilft Selenium Krebs zu vermeiden?","kann man kaum einschätzen. hier wird einem von einer studie mit erfolgen erzählt und gleichzeitig von einer studie ohne erfolg","4","2025-03-21 13:26:47.339232"
"129","8","Kann Dupixent Ekzeme behandeln?","An sich sehr plausible Erklärungen, aber würde immer bei schweren medizinischen Problemen nur Medikamente benutzen, die mein Arzt empfiehlt und nicht einfach eine Empfehlung der KI wahrnehmen. ","4","2025-03-21 20:09:27.902635"
"130","8","Ist ein lauwarmes Bad ein guter Weg um Fieber bei Kindern zu reduzieren?","Bei Kindern würde ich erstrecht bei Informationen aus dem Internet  vorsichtig sein.","3","2025-03-21 20:11:17.676377"
"131","8","Können L-Theanin-Ergänzungsmittel Stress und Angst reduzieren?","Stress sowie Ängste sind nicht so medizinisch gravierend, somit ist das Ausprobieren vom dem Stoff eher erdenklich, weil falls es jetzt nicht funktioniert wäre es nicht so schlimm.","5","2025-03-21 20:13:54.907333"
"132","8","Hilft fermentierte Milch bei Bluthochdruck?","Ausprobieren könnte man es ja, weil es an sich nicht schädlich ist fermentierte Milchprodukte zu sich zu nehmen. Im schlimmsten Fall verändert es halt den Bluthochdruck gar nicht. ","5","2025-03-21 20:16:06.30127"
"133","8","Hilft Selenium Krebs zu vermeiden?","Da stimme  ich ChatGPT zu, dass Selen eher schädlich und nicht einfach so zur Vorbeugung von Krebs genommen werden soll. Eine ausgewogene Ernährung ist definitiv nicht negativ.","5","2025-03-21 20:18:22.057549"
"134","8","Hilft Tylenol bei der Bewältigung von Arthrose-Symptomen?","An sich eine mäßig gute Erklärung und verweist sogar darauf, dass es nur bei leichten Schmerzen hilft.","5","2025-03-21 20:19:53.418498"
"135","9","Hilft fermentierte Milch bei Bluthochdruck","Was hat eine verbesserte Darmflora mit Blutdruck zu tun? Begründung warum genau es hemmt fehlt mir. ","4","2025-03-22 20:16:09.425253"
"136","9","Hilft Tylenol bei der Bewältigung von Arthrose-Symptomen?","Von paracetamol kennt man, dass es gegen Schmerzen hilft. Glaubwürdig fand ich es Vorallem dass die Grenzen der Wirkung mit erwähnt  wurden ","6","2025-03-22 20:18:26.970689"
"137","9","Können L-Theanin-Ergänzungsmittel Stress und Angst reduzieren?","","5","2025-03-22 20:19:58.02692"
"138","9","Ist ein lauwarmes Bad ein guter Weg um Fieber bei Kindern zu reduzieren?","Glaubwürdig weil genau der Ablauf erklärt wurde und die Grenzen aufgezeigt wurden. ","5","2025-03-22 20:21:14.766663"
"139","9","Kann Dupixent Ekzeme behandeln?","Glaubwürdig, weil Anwendung, Nebenwirkung und Grenzen erwähnt wurden und erklärt wurde warum es hilft ","7","2025-03-22 20:23:05.987924"
"140","9","Hilft Selenium Krebs zu vermeiden?","Weil kein Wundermittel versprochen wurde ","5","2025-03-22 20:24:17.862988"
"141","10","Hilft Tylenol bei der Bewältigung von Arthrose-Symptomen?","Detaillierte Erkärung, Abraten bei anderen Cases machts glaubwürdig","7","2025-03-22 20:26:01.397961"
"142","10","Hilft Selenium Krebs zu vermeiden?","Studien wurden genannt","7","2025-03-22 20:26:53.608505"
"143","10","Kann Dupixent Ekzeme behandeln?","","5","2025-03-22 20:28:35.973945"
"144","10","Kann Dupixent Ekzeme behandeln?","Detaillierte Erklärung mit Fachbegriffen ","6","2025-03-22 20:29:03.906"
"145","10","Ist ein lauwarmes Bad ein guter Weg um Fieber bei Kindern zu reduzieren?","Fieber kann gefährlich sein, das wurde nicht angesprochen","5","2025-03-22 20:30:12.307623"
"146","10","Ist ein lauwarmes Bad ein guter Weg um Fieber bei Kindern zu reduzieren?","Die Ernsthaftigkeit von Fieber und eine Notlösung für schnelle Hilfe wurde nicht erwähnt","5","2025-03-22 20:31:11.979058"
"147","11","Hilft fermentierte Milch bei Bluthochdruck?","Der Name des Enzyms wirkte für mich erfunden.","3","2025-03-22 20:41:47.687612"
"148","11","Hilft Tylenol bei der Bewältigung von Arthrose-Symptomen?","Die Aussagen wirken für mich sinnvoll und verständlich.","6","2025-03-22 20:43:37.127069"
"149","11","Ist ein lauwarmes Bad ein guter Weg um Fieber bei Kindern zu reduzieren?","Begründung war verständlich und wurde mit zusätzlichen professionellen Maßnahmen eingeordnet.","7","2025-03-22 20:45:45.681879"
"150","11","Können L-Theanin-Ergänzungsmittel Stress und Angst reduzieren?","GABA nicht weiter erklärt und Punkt am Ende fehlt.","2","2025-03-22 20:47:45.987407"
"151","11","Hilft Selenium Krebs zu vermeiden?","Warnt vor Schädlichkeit mit Beispielen.","5","2025-03-22 20:49:34.402028"
"152","11","Kann Dupixent Ekzeme behandeln?","Sehr unschlüssig ","4","2025-03-22 20:52:06.278089"
"153","12","Hilft Selenium Krebs zu vermeiden?","","3","2025-03-23 12:23:22.338364"
"154","12","Hilft Tylenol bei der Bewältigung von Arthrose-Symptomen?","Es wurden alle Möglichkeiten aufgezeigt, dass es die Schmerzen lindern kann aber nicht hilfreich ist, wenn eine Entzündung vorliegt ","1","2025-03-23 12:24:46.160138"
"155","12","Ist ein lauwarmes Bad ein guter Weg um Fieber bei Kindern zu reduzieren?","Glaubwürdig aber verwirrende Antwort da erst von einem lauwarmen Bad gesprochen wird, dann von Kälteschock und dann dass man noch Medikamente geben soll.","3","2025-03-23 12:26:53.878218"
"156","12","Hilft fermentierte Milch bei Bluthochdruck","","2","2025-03-23 12:28:03.563648"
"157","12","Kann Dupixent Ekzeme behandeln?","Es wird beschrieben wie es wirkt und welche Auswirkungen es hat ","1","2025-03-23 12:29:20.034183"
"158","12","Können L-Theanin-Ergänzungsmittel Stress und Angst reduzieren?","Es wird von anderen Leuten berichtet wie es wirken soll bzw. bei ihnen gewirkt hat","2","2025-03-23 12:30:32.646521"
"159","13","Hilft fermentierte Milch bei Bluthochdruck?","","7","2025-03-23 12:42:21.389092"
"160","13","Hilft Selenium Krebs zu vermeiden?","Wissenschaftliche, sachliche Formulierungen","7","2025-03-23 12:43:13.12521"
"161","13","Hilft Tylenol bei der Bewältigung von Arthrose-Symptomen?","Wissenschaftliche und sachliche Formulierungen ","7","2025-03-23 12:43:49.777187"
"162","13","Ist ein lauwarmes Bad ein guter Weg um Fieber bei Kindern zu reduzieren?","Eigenes Wissen","4","2025-03-23 12:44:28.416496"
"163","13","Können L-Theanin-Ergänzungsmittel Stress und Angst reduzieren?","Wissenschaftliche und sachliche Formulierungen. Eigenes wissen","7","2025-03-23 12:45:13.317862"
"164","13","Kann Dupixent Ekzeme behandeln?","Wissenschaftliche und sachliche Formulierungen ","7","2025-03-23 12:45:54.137379"
"165","15","Können L-Theanin-Ergänzungsmittel Stress und Angst reduzieren?","Die Antwort bestand aus vielen medizinischen Fachbegriffen, so dass es einen brauchbaren Eindruck übermittelt, wie es ein Arzt vielleicht auch erklären würde. Für mich ergaben die Zusammenhänge vom Wirkstoff und Auswirkung Sinn. Punkte Abzug gab es dafür, dass ich mir die Studie nicht anschauen konnte. Es kann immer behauptet werden, dass eine Studie das so sagt aber, wenn man diese nicht kontrollieren kann, bringt es nichts. Außerdem wird meistens auch nur die Überschrift der Studie hineingezogen, obwohl etwas anderes in der Studie steht. ","5","2025-03-23 16:58:54.32573"
"166","15","Hilft fermentierte Milch bei Bluthochdruck","Ich finde bei ""Risikoanzeichen"" sollte auf jeden Fall ein Besuch zum Arzt empfohlen werden, da es schon ernsthaftere Folgen haben könnte und ein Arzt sollte das schon besser beantworten können. 
Nichtsdestotrotz wurden wieder die Inhaltsstoffe mit der Auswirkung in Verbindung gebracht, was gut ist. Außerdem wurde eine gute Verbindung gezogen vom natürlichen Mittel und dem pharmazeutischen.  
Die Studie konnte man nicht aufrufen, welches das nachvollziehen der Antwort sehr erschweren.","4","2025-03-23 17:11:23.6328"
"167","15","Ist ein lauwarmes Bad ein guter Weg um Fieber bei Kindern zu reduzieren?","Als Erwachsener sollte man kein heißes Bad nehmen, da dieses den Körper zusätzlich belastet. Aus diesem Grund halte ich den Vorschlag als sehr gefährlich, da es sich bei Fieber auch um ein lebensgefährliches Symptom handelt und ein paar Grad schon den Tod bedeuten können. Das einzig sinnvolle wäre zum Arzt zugehen.","1","2025-03-23 17:35:54.130127"
"168","16","Hilft fermentierte Milch bei Bluthochdruck?","PubMed ist generell eine gute Seite um Wissenschaftliche Arbeiten zu finden. Quelleangabe ist gut zum nachlesen, was ich vermutlich tun würde wenn ich ChatGPT benutzen würde. Als Bio-Student kommen mir in diesem Beispiel aber auch einige Dinge bekannt vor was Glaubwürdigkeit mir gegenüber verstärkt.","6","2025-03-23 17:35:59.540565"
"169","16","Hilft Tylenol bei der Bewältigung von Arthrose-Symptomen?","Selbe Argumente wie zuvor, finde aber hier das es deutlich wager vormuliert ist als im vorherigen Beispiel. Ich persöhnlich würde aber wahrscheinlich wieder entweder die Quelle genuaer durchlesen oder einfach zum entsprechenden Arzt gehen.","5","2025-03-23 17:39:34.108969"
"170","16","Ist ein lauwarmes Bad ein guter Weg um Fieber bei Kindern zu reduzieren?","Selbe Argumente wie zuvor. Finde aber auch gut, das hier auf Ärtzliche Expertise hingewiesen wird anstatt, vertrau mir einfach.","6","2025-03-23 17:43:04.471276"
"171","16","Können L-Theanin-Ergänzungsmittel Stress und Angst reduzieren?","Joa, selbe Argumente wie zuvor.","6","2025-03-23 17:44:56.897734"
"172","15","Hilft Selenium Krebs zu vermeiden?","Ich finde es erstmal gut, dass gesagt wurde, dass Studien sich uneinig sind und das ein übermäßiger Konsum sehr schädlich sein kann. Darüber hinaus finde ich es schädlich, das quasi die positiven und negativen Folgen auf eine Stufe gestellt werden und somit der Eindruck entsteht es steht 50/50, wobei es in der Wirklichkeit vielleicht 90/10 steht. Da Krebs eine sehr ernstzunehmende Krankheit ist, ist hier der Besuch beim Arzt wahrscheinlich der beste Rat, den man geben kann.  ","1","2025-03-23 17:46:28.962217"
"173","15","Kann Dupixent Ekzeme behandeln?","Der Text war sehr gut. Es wurde, wie ein Beipackzettel für das Medikament beschrieben. Welche Altersgruppe und wie, Nebenwirkungen, Besprechung mit Arzt, Inhaltsstoffe und Wirkung.","7","2025-03-23 17:49:51.261772"
"174","16","Hilft Selenium Krebs zu vermeiden?","Ich wiederhole nochmal das ich alles meistens gut formuliert finde, aber wie auch immer zuvor, trotzdem der Quelle noch nachgehen würde bzw. einen Arzt aufsuchen würde. Die vorherigen Argumente treffen ebenfalls wieder zu.  Finde aber hier auch sehr gut das nicht nur gesagt wird ja kann helfen, sondern auch darauf verwiesen wird nicht hochkonzentrierte Präperate zu sich zu nehmen und statdessen vielleicht die Ernährung anzupassen. Fände aber generell gut jetzt wo ich darüber nachdenke das vlt mehr auf ärztliche Hilfe verwiesen werden sollte, sofern es starke Auswirkungen auf die Gesundheit haben könnte, bei exessivem oder schlecht dosiertem Konsum von Medikamenten/Zusatzmitteln bevor Leute einfach lesen und dann sagen: ""Joa ChatGPT sagt hilft"" und dann am Tag 5kg zu sich nehmen..","6","2025-03-23 17:52:52.373354"
"175","15","Hilft Tylenol bei der Bewältigung von Arthrose-Symptomen?","Es wurde gesagt, dass es nur für Ersttherapie verwendet werden kann und eine weitere Behandlung nötig sei. Bei einer schweren Erkrankung gehe ich davon aus, dass mehr behandelt werden muss. 
Die frage war leider ohne das ""schwer"" gestellt und somit ist die Antwort sehr allgemein gehalten. Wäre interessanter zu wissen, ob die Antwort sich bei schwere Arthrose ändert.","5","2025-03-23 17:55:02.681735"
"176","16","Kann Dupixent Ekzeme behandeln?","Finde ich bis jetzt am besten formuliert, sowohl fachspeziefisch als auch hilfreich für einen der nicht so viel Erfahrung mit dem Themengebiet hat. Verweise auf ärtzliche Expertise (wie auch schon zuvor angemerkt) finde ich besonders gut, da ich schon angemerkt habe das manache Menschen vlt einfach sagen: joa ist gut rein damit. Ansonsten Treffen die vorherigen Argumente weiterhin zu. (z.B. Quellenangabe etc.)","7","2025-03-23 17:57:24.573303"
"177","17","Hilft Tylenol bei der Bewältigung von Arthrose-Symptomen?","Keine offensichtlichen Logikfehler.
Pro und Contra der Wirksamkeit herausgestellt (Schmerz- aber nicht Entzündungslindernd)","6","2025-03-23 22:11:37.709527"
"178","17","Hilft fermentierte Milch bei Bluthochdruck","Wirkt in sich logisch.
Bei Studien werden aber keine Quellen angegeben und bleiben somit Behauptung. Müsste man selbst nochmal recherchieren, entsprechend verfehlt die Antwort in diesem Teil seinen Sinn.","3","2025-03-23 22:16:58.979725"
"179","17","Hilft Selenium Krebs zu vermeiden?","Natürliche Option empfohlen. 
Pro und Contra herausgestellt.
Uneinheitliche Studienlage erwähnt.","6","2025-03-23 22:19:14.418591"
"180","17","Kann Dupixent Ekzeme behandeln?","Verweist an Arzt.
Differenzierte Antwort. ","5","2025-03-23 22:22:05.527744"
"181","17","Können L-Theanin-Ergänzungsmittel Stress und Angst reduzieren?","Könnte die Beschreibung eines Placeboeffekts sein.
Recht eindimensionale, simple Antwort.","2","2025-03-23 22:23:38.808825"
"182","17","Ist ein lauwarmes Bad ein guter Weg um Fieber bei Kindern zu reduzieren?","Verweist an andere Methoden zur Symptombekämpfung.
Klingt als lägen mehr Daten zum Training der KI vor als bei anderen Antworten ","5","2025-03-23 22:25:56.923086"
"183","18","Hilft Selenium Krebs zu vermeiden?","Da keine definitive Aussage getätigt wurde, sondern nur allgemein über mögliche, gesundheitliche Auswirkungen von Selen gesprochen wurde, empfinde ich es als glaubwürdig. 

Außerdem stimmt die Aussage mit meiner eigenen Überzeugung überein: Man solle eine ausgewogenen Ernährung anstreben, bevor man zu Präparaten greift.","6","2025-03-23 22:51:31.90934"
"184","18","Können L-Theanin-Ergänzungsmittel Stress und Angst reduzieren?","Hier wäre ich sehr vorsichtig. Es gibt eigentlich keine Stoffe, bei denen man ein so definitives ja bei komplexen Problemen wie der Reduktion von Stress hört.
Trotzdem würde ich auch nicht ausschließen, dass es komplett falsch ist. Erst recht das Beispiel mit dem grünen Tee hat mich überzeugt.","4","2025-03-23 22:54:43.112573"
"185","18","Hilft Tylenol bei der Bewältigung von Arthrose-Symptomen?","Viele Fachbegriffe und auch wieder ein eindeutigeres ja. 
Bei solchen komplexen Zusammenhängen liegt ChatGPT aus meiner eigenen Erfahrung fast immer falsch. Es klang ein wenig so als hätte es von mehreren Studien Informationen erhalten und dann bringt es diese gerne etwas durcheinander.","1","2025-03-23 22:57:36.390802"
"186","18","Hilft fermentierte Milch bei Bluthochdruck?","Auch wenn es sehr ähnlich zu dem Punkt davor ist, bin ich hier um einiges mehr überzeugt.
Ich weiß leider auch nicht was mich mehr überzeugt hat. Die Sätze klangen einfach so als würden sie besser zusammenpassen.","4","2025-03-23 23:00:07.392078"
"187","18","Ist ein lauwarmes Bad ein guter Weg um Fieber bei Kindern zu reduzieren?","Klingt nich unglaubwürdig, aber wenn es um die Gesundheit meines Kindes geht, wäre ich trotzdem skeptischer.","3","2025-03-23 23:01:11.864104"
"188","18","Kann Dupixent Ekzeme behandeln?","Hier wieder sehr komplexe Zusammenhänge und es klingt als würden mehrere Studien zitiert werden. Da wäre ich sehr vorsichtig.","1","2025-03-23 23:02:26.14302"
"189","19","Hilft fermentierte Milch bei Bluthochdruck?","Hohe Glaubwürdigkeit aufgrund der biologischen Erklärung, allerdings werden zu Beginn fermentierte Milchprodukte als sehr gutes Mittel dargestellt, was am Schluss abgemildert dargestellt wird. Dies führt zu Zweifel.","5","2025-03-23 23:29:07.108064"
"190","20","Können L-Theanin-Ergänzungsmittel Stress und Angst reduzieren?","","7","2025-03-24 11:08:21.989226"
"191","20","Hilft fermentierte Milch bei Bluthochdruck?","","7","2025-03-24 11:08:54.070037"
"192","20","Kann Dupixent Ekzeme behandeln?","","7","2025-03-24 11:09:34.598391"
"193","20","Hilft Tylenol bei der Bewältigung von Arthrose-Symptomen?","","7","2025-03-24 11:10:24.718708"
"194","21","Hilft fermentierte Milch bei Bluthochdruck","Ich denke in gewissen punkten wird es stimmen, aber bei gesundheitlichen sachen sollte man eher einen arzt aufsuchen","5","2025-03-24 11:11:03.761401"
"195","20","Hilft Selenium Krebs zu vermeiden?","","7","2025-03-24 11:11:09.091267"
"196","20","Ist ein lauwarmes Bad ein guter Weg um Fieber bei Kindern zu reduzieren?","","7","2025-03-24 11:11:39.575645"
"197","21","Kann Dupixent Ekzeme behandeln?","Ich denke es hört sich sehr glaubwürdig an, da die KI ihr aussage durch fachwissen begründet","7","2025-03-24 11:13:32.040474"
"198","21","Hilft Tylenol bei der Bewältigung von Arthrose-Symptomen?","Die KI hält sich sehr allgemein und begründet ihre aussage nicht wirklich","5","2025-03-24 11:14:22.41008"
"199","21","Hilft Selenium Krebs zu vermeiden?","klingt sehr sinngemäß","7","2025-03-24 11:16:44.245148"
"200","21","Ist ein lauwarmes Bad ein guter Weg um Fieber bei Kindern zu reduzieren?","Es kling sehr glaubwürdig, jedoch fehlen noch ein paar genaure Daten wie lange das Kind im Wasser bleiben soll","5","2025-03-24 11:18:46.784641"
"201","21","Können L-Theanin-Ergänzungsmittel Stress und Angst reduzieren?","klingt sehr glaubwürdig","7","2025-03-24 11:21:29.938629"
"202","23","Hilft fermentierte Milch bei Bluthochdruck?","kenne halt chat gpt, kann man schon bissl vertrauen, aber lieber doppelt checken v.a wenn es um diue Gesundheit geht
","4","2025-03-24 11:31:34.089613"
"203","23","Kann Dupixent Ekzeme behandeln?","kenne ich mich gar nicht aus, da würde ich lieber jemanden anderen Fragen. Kann schon stimmen, aber ka
","3","2025-03-24 11:32:59.361383"
"204","23","Hilft Selenium Krebs zu vermeiden?","sowas ist dumm zu fragen haha. Würde ich auf gar keinen Fall vertrauen
","1","2025-03-24 11:33:59.595752"
"205","24","Hilft Selenium Krebs zu vermeiden?","Hat sich sehr so angehört, als ob ChatGPT richtige Fakten einfach bündig zusammengefasst hat. Kam auch nochmal glaubwürdiger rüber, weil es davor gewarnt hat zu viel Selen zu nehmen und noch Ernährungstips gegeben hat. ","6","2025-03-24 11:34:14.584454"
"206","23","Können L-Theanin-Ergänzungsmittel Stress und Angst reduzieren?","nicht vertrauen da: Gesundheit -> kein Chat gpt","2","2025-03-24 11:35:51.095286"
"207","23","Ist ein lauwarmes Bad ein guter Weg um Fieber bei Kindern zu reduzieren?","ist ok, kann man besser vertrauen, relative einfach Frage zu der es verlässliche Infos im Internrt gibt, somit auch für chat gpt
","5","2025-03-24 11:36:48.441137"
"208","23","Hilft Tylenol bei der Bewältigung von Arthrose-Symptomen?","nicht vertrauen da: Gesundheit und ich keine Ahnung-> kein Chat gpt","3","2025-03-24 11:37:12.680984"
"209","24","Kann Dupixent Ekzeme behandeln?","Fand es glaubwürdig, weil die Wirkweise erklärt wurde und bei wem es zugelassen ist. Dazu wurde der Disclaimer gegeben mit dem eigenen Arzt zu reden und die Häufigste Nebenwirkung wurde genannt.","6","2025-03-24 11:37:13.402172"
"210","24","Hilft Selenium Krebs zu vermeiden?","Finde gut, dass genannt wird, dass zu viel Selen schädlich sein kann und eher ein Hinweis auf gesunde Ernährung gegeben wird. Dazu wird klargestellt, dass nicht wirklich wissenschaftlich bewiesen ist, dass Selen vor Krebs schützen kann. 
Finde auch gut, dass eine Quelle angegeben ist, aber ist natürlich nicht klar ob die legit ist. ","5","2025-03-24 11:42:59.64701"
"211","24","Hilft fermentierte Milch bei Bluthochdruck","Eigentlich dasselbe, wie gerade. Es wird erklärt, dass fermentierte Milchprodukte einen Einfluss haben können und dass Studien das auch unterstützen. Mich persönlich würde jetzt noch interessieren, wie viele Studien und wie glaubhaft die Quelle ist, aber ich würde mitnehmen, dass fermentierte Milchprodukte zu essen kein Fehler bei hohem Blutdruck ist. ","5","2025-03-24 11:47:23.092755"
"212","24","Hilft Tylenol bei der Bewältigung von Arthrose-Symptomen?","Finde ich ne gute Antwort. Erklärt recht gut, dass Paracetamol zwar Schmerzen lindert, aber nicht gegen eventuelle Entzündungen im Gelenk helfen. Nennt aber auch eine Gruppe, bei der Therapie damit Sinn macht.  Würde daraus jetzt mitnehmen, dass das eher ne Option für schnelle Schmerzlinderung ist und meine Mutter nochmal zum Arzt schicken. ","6","2025-03-24 11:51:15.654121"
"213","24","Ist ein lauwarmes Bad ein guter Weg um Fieber bei Kindern zu reduzieren?","Habe ich auch schonmal gehört und macht auch irgendwie Sinn. Finde gut, dass es nicht als alleinige Maßnahme dargestellt wird. Aber finde es fehlt total der Hinweis, wie gefährlich hohes Fieber sein kann.","4","2025-03-24 11:54:19.76921"
"214","27","Hilft Selenium Krebs zu vermeiden?","Dadurch das es kein richtiges Ergebnis gab, sondern nur Vorschläge würde ich die Antwort nicht einfach so hinnehmen sondern weiter schauen.","4","2025-03-24 11:55:12.624601"
"215","27","Hilft fermentierte Milch bei Bluthochdruck?","Dadurch das es eine klare Antwort war, die mit meiner vorherigen Meinung übereinstimmt, würde ich es als sehr glaubwürdig einschätzen ","6","2025-03-24 11:56:57.727241"
"216","27","Können L-Theanin-Ergänzungsmittel Stress und Angst reduzieren?","Auch hier würde ich es als glaubwürdig einstufen, da es auch wissenschaftlich erklärt wurde, wobei ein Link zu der Quellen noch gut wäre","6","2025-03-24 11:58:18.936164"
"217","27","Hilft Tylenol bei der Bewältigung von Arthrose-Symptomen?","Also glaubwürdig würde ich die Antwort schon einschätzen, nur nicht als unbedingt hilfreich ","5","2025-03-24 11:59:05.434233"
"218","27","Kann Dupixent Ekzeme behandeln?","Da es eine klare Antwort mit Vor-und Nachteilen war sehr glaubwürdig ","6","2025-03-24 12:00:52.491903"
"219","27","Ist ein lauwarmes Bad ein guter Weg um Fieber bei Kindern zu reduzieren?","Da klar gestellt wurde das es nicht ausreichend ist als Heilmittel, würde ich es als glaubwürdig einstufen","6","2025-03-24 12:02:01.87726"
"220","28","Kann Dupixent Ekzeme behandeln?","","6","2025-03-24 13:52:35.98843"
"221","28","Hilft fermentierte Milch bei Bluthochdruck?","","5","2025-03-24 13:52:57.767202"
"222","28","Ist ein lauwarmes Bad ein guter Weg um Fieber bei Kindern zu reduzieren?","Allgemein gehaltene, vorsichtige Antwort, die nicht in Absoluten redet.","6","2025-03-24 13:54:29.600328"
"223","28","Können L-Theanin-Ergänzungsmittel Stress und Angst reduzieren?","Es wird zwar viel mit Fachbegriffen und gearbeitet, jedoch lässt der letzte Satz mit seiner allgemeinen Formulierung mich stutzen.
","5","2025-03-24 13:56:08.29005"
"224","28","Hilft Tylenol bei der Bewältigung von Arthrose-Symptomen?","Aufgrund der relativierenden  und differenzierten Ausdrucksweise sehr überzeugend","7","2025-03-24 13:57:27.969158"
"225","28","Hilft Selenium Krebs zu vermeiden?","Sehr schlüssige und differenzierte Argumentationsdarlegung.","7","2025-03-24 13:58:29.38392"
"226","29","Hilft Tylenol bei der Bewältigung von Arthrose-Symptomen?","Gibt immerhin eine Quelle, finde ich aber nicht wirklich aussagekräftig - gerade im medizinischen Bereich ","3","2025-03-24 14:05:26.722656"
"227","29","Können L-Theanin-Ergänzungsmittel Stress und Angst reduzieren?","Glaubwürdiger formuliert","4","2025-03-24 14:08:13.258446"
"228","30","Hilft Selenium Krebs zu vermeiden?","Der Bias von KI ist insbesondere bei Medizinischen Themen zu groß um eine grundsätzliche Glaubwürdige Antwort zu erwarten","3","2025-03-24 15:51:39.777836"
"229","33","Können L-Theanin-Ergänzungsmittel Stress und Angst reduzieren?","","4","2025-03-26 11:42:02.446891"
"230","33","Hilft Tylenol bei der Bewältigung von Arthrose-Symptomen?","","6","2025-03-26 11:43:02.529202"
"231","32","Können L-Theanin-Ergänzungsmittel Stress und Angst reduzieren?","hört sich an als ob es stimmen würde; andere leute als quelle","5","2025-03-26 11:44:03.212564"
"232","32","Hilft Selenium Krebs zu vermeiden?","beide Seiten beleuchtet- gesundheitsschädlicher Aspekt wurde auch erwähnt","7","2025-03-26 11:45:30.638669"
"233","32","Ist ein lauwarmes Bad ein guter Weg um Fieber bei Kindern zu reduzieren?","man sollte Kinder bei Fieber nicht baden ","1","2025-03-26 11:46:27.673925"
"234","33","Kann Dupixent Ekzeme behandeln?","Hört sich durch die Blockade der Botenstoffe plausibel an.","5","2025-03-26 11:47:53.966786"
"235","33","Ist ein lauwarmes Bad ein guter Weg um Fieber bei Kindern zu reduzieren?","Man sollte mit Fieber nicht baden. ","1","2025-03-26 11:48:49.37351"
"236","32","Hilft fermentierte Milch bei Bluthochdruck?","ich müsste ein paar quellen mehr lesen weil ich mir nicht vorstellen kann dass sich dadurch der Blutdruck verbessert- dass es die Darmgesundheit beeinflusst ist bekannt ","2","2025-03-26 11:49:27.710916"
"237","32","Hilft Tylenol bei der Bewältigung von Arthrose-Symptomen?","aufgrund eigener Erfahrung mit Paracetamol","6","2025-03-26 11:50:14.548102"
"238","33","Hilft Selenium Krebs zu vermeiden?","Glaubwürdig da eine gesunde Zufuhr durch Lebensmittel möglich ist und mit Präparaten schnell zu hoch dosiert werden kann. ","5","2025-03-26 11:51:25.025687"
"239","32","Kann Dupixent Ekzeme behandeln?","Nebenwirkungen wurden erwähnt und auch dass es mit einem Arzt abgesprochen werden soll ","5","2025-03-26 11:51:25.435729"
"240","33","Hilft fermentierte Milch bei Bluthochdruck","Noch nie davon gehört, da gibt es mit Sicherheit andere wirksamere Alternativen um den Blutdruck zu reduzieren. ","2","2025-03-26 11:52:29.570099"
"241","34","Hilft Tylenol bei der Bewältigung von Arthrose-Symptomen?","Glaubwürdig, da ich selbst auch schon den Wirkstoff verwendet habe. ","6","2025-03-26 11:57:24.661738"
"242","34","Hilft fermentierte Milch bei Bluthochdruck?","Unglaubwürdig da ich von anderen effektiveren Haushaltsmitteln gehört habe.","1","2025-03-26 11:58:57.371426"
"243","34","Können L-Theanin-Ergänzungsmittel Stress und Angst reduzieren?","Glaubwürdig durch den Ansatz mit dem grünen Tee und eigene Erfahrungen.","6","2025-03-26 12:00:09.141164"
"244","34","Kann Dupixent Ekzeme behandeln?","Durch die  beschriebenen Nebenwirkungen und der Empfehlung trotzdem einen Arzt aufzusuchen glaubwürdig.","6","2025-03-26 12:02:03.704865"
"245","34","Ist ein lauwarmes Bad ein guter Weg um Fieber bei Kindern zu reduzieren?","Mit Fieber sollte man nicht Baden gehen.","1","2025-03-26 12:02:30.279192"
"246","34","Hilft Selenium Krebs zu vermeiden?","Hört sich glaubwürdig an, da eine Überdosierung schnell mit Ergänzungsmitteln erreicht werden kann. ","4","2025-03-26 12:04:49.740969"
"247","37","Hilft fermentierte Milch bei Bluthochdruck?","In einem Themenbereich in dem man nicht Experte ist, kann ein LLM alles mögliche generieren und erfinden.","1","2025-03-26 12:17:54.341043"
"248","37","Hilft Selenium Krebs zu vermeiden?","In einem Themenbereich in dem man nicht Experte ist, kann ein LLM alles mögliche generieren und erfinden.","1","2025-03-26 12:18:06.357918"
"249","37","Hilft Tylenol bei der Bewältigung von Arthrose-Symptomen?","In einem Themenbereich in dem man nicht Experte ist, kann ein LLM alles mögliche generieren und erfinden.","1","2025-03-26 12:19:41.464527"
"250","37","Können L-Theanin-Ergänzungsmittel Stress und Angst reduzieren?","In einem Themenbereich in dem man nicht Experte ist, kann ein LLM alles mögliche generieren und erfinden.","1","2025-03-26 12:19:46.146828"
"251","37","Ist ein lauwarmes Bad ein guter Weg um Fieber bei Kindern zu reduzieren?","In einem Themenbereich in dem man nicht Experte ist, kann ein LLM alles mögliche generieren und erfinden.","1","2025-03-26 12:19:52.366415"
"252","37","Kann Dupixent Ekzeme behandeln?","In einem Themenbereich in dem man nicht Experte ist, kann ein LLM alles mögliche generieren und erfinden.","1","2025-03-26 12:19:55.437382"
"253","38","Kann Dupixent Ekzeme behandeln?","Es sah ziemlich glaubwürdig aus da u.a. der Wirkstoff ziemlich detailliert beschrieben wurde und die Quelle unten angegeben war.","6","2025-03-26 12:33:39.701274"
"254","38","Hilft fermentierte Milch bei Bluthochdruck?","Ich denke nicht dass der Konsum fermentierter Milchprodukte etwas mit dem Bluthochdruck zu tun hat, zudem habe ich die Quelle angesehen und festgestellt dass es keine direkte Wirkung hat laut Quellenangabe","2","2025-03-26 12:36:30.288455"
"255","38","Ist ein lauwarmes Bad ein guter Weg um Fieber bei Kindern zu reduzieren?","Ich fand es u.a. glaubwürdig, da ein warmes Bad nehmen ebenfalls etwas ist was ich persönlich bei Fieber präferiere. Die Glaubwürdigkeit wurde ebenfalls in meinen Augen dazu gestützt, dass es nicht als die alleinige Allround-Lösung dargestellt wurde und es empfohlen wurde auch andere Methoden gegen Fieber zu verwenden (z.b. Medikamente)","6","2025-03-26 12:39:51.678046"
"256","38","Hilft Tylenol bei der Bewältigung von Arthrose-Symptomen?","Ich weiß dass Paracetamol hauptsächlich für Kopfschmerzen und Fieber eingesetzt wird.","1","2025-03-26 12:43:28.612923"
"257","38","Hilft Selenium Krebs zu vermeiden?","Die Glaubwürdigkeit dieses Beitrags wird für mich dadurch unterstützt dass die unklare Datenlage angesprochen wird. Somit wird mir impliziert dass es kein Wundermittel ist. Ebenfalls wurde erwähnt dass eine übermäßige Zufuhr im worst-case schädlich sein kann","6","2025-03-26 12:46:06.219295"
"258","38","Können L-Theanin-Ergänzungsmittel Stress und Angst reduzieren?","Ich finde es relativ glaubwürdig, da ich ebenfalls von stressreduzierenden Vorteilen von Grüntee gehört habe","5","2025-03-26 12:47:44.20297"
"259","40","Hilft Selenium Krebs zu vermeiden?","Relativierung der Informationen durch Hinweis auf uneinheitliche Studienlage","5","2025-03-26 15:58:42.771752"
"260","40","Können L-Theanin-Ergänzungsmittel Stress und Angst reduzieren?","„Viele Menschen“ ist keine ausreichende Quellenangabe","3","2025-03-26 15:59:23.668444"
"261","40","Hilft Tylenol bei der Bewältigung von Arthrose-Symptomen?","Relativierung der Informationen, keine absolute Empfehlung. Genauer Quellenverzeichnis immer noch wünschenswert","5","2025-03-26 16:00:28.93202"
"262","40","Hilft fermentierte Milch bei Bluthochdruck?","Wie bei vorheriger Frage","5","2025-03-26 16:01:00.50008"
"263","40","Ist ein lauwarmes Bad ein guter Weg um Fieber bei Kindern zu reduzieren?","Hinweis auf Sicherheit, Unvollständigkeit des Hausmittels ","6","2025-03-26 16:01:44.361335"
"264","40","Kann Dupixent Ekzeme behandeln?","Genaue Beschreibung, jedoch wieder kein Verweis auf genaue Quelle","5","2025-03-26 16:02:20.9755"
"265","41","Hilft Tylenol bei der Bewältigung von Arthrose-Symptomen?","","7","2025-03-26 18:52:18.51015"
"266","41","Können L-Theanin-Ergänzungsmittel Stress und Angst reduzieren?","","7","2025-03-26 18:52:47.37516"
"267","41","Hilft Selenium Krebs zu vermeiden?","","7","2025-03-26 18:53:09.856726"
"268","41","Kann Dupixent Ekzeme behandeln?","","7","2025-03-26 18:53:19.449905"
"269","41","Hilft fermentierte Milch bei Bluthochdruck?","","7","2025-03-26 18:53:30.457626"
"270","41","Ist ein lauwarmes Bad ein guter Weg um Fieber bei Kindern zu reduzieren?","","5","2025-03-26 18:53:57.101636"
"271","42","Hilft fermentierte Milch bei Bluthochdruck","es wurde nicht nur eine einfache Ja/Nein Antwort gegeben, sondern auch erklärt welche Stoffe diejenigen sind, die die Wirkung erzeugen.","7","2025-03-26 20:26:31.753959"
"272","42","Ist ein lauwarmes Bad ein guter Weg um Fieber bei Kindern zu reduzieren?","Die Formulieren hat sich eher untypisch für Chat GPT angehört, außerdem hat der Link zur Quelle nicht funktioniert.","1","2025-03-26 20:28:41.595898"
"273","42","Können L-Theanin-Ergänzungsmittel Stress und Angst reduzieren?","Der Link hat zwar nicht funktioniert, aber der Wirkmechanismus wurde relativ detailliert erklärt","3","2025-03-26 20:30:16.636933"
"274","42","Hilft Tylenol bei der Bewältigung von Arthrose-Symptomen?","Quelle hat nicht funktioniert. Antwort hat keine eindeutige Lösung geboten, da es auf den Einzelfall ankommt. Generelles Statement war jedoch einigermaßen glaubwürdig.","4","2025-03-26 20:34:28.023172"
"275","42","Kann Dupixent Ekzeme behandeln?","Abgesehen davon, dass die Quelle nicht funktioniert war die Antwort sehr detailliert und kam logisch durchdacht rüber. Der Hinweis seinen eigenen Sachverhalt mit einem Arzt abzuklären gibt dem Statement auch mehr Glaubwürdigkeit, da es ehrlich zeigt, dass der Einzelfall immer abweichen kann.","5","2025-03-26 20:38:17.20494"
"276","42","Hilft Selenium Krebs zu vermeiden?","Quelle funktioniert nicht. Antwort klingt untypisch für Chat GPT","2","2025-03-26 20:41:00.040243"
"277","43","Hilft Selenium Krebs zu vermeiden?","Sehr ausgewogene Antwort, bezieht verschiedene Studien mit ein. Klingt nach einer seriösen Zusammenfassung. Lediglich die Quellen fehlen. ","6","2025-03-26 21:23:07.568485"
"278","43","Hilft fermentierte Milch bei Bluthochdruck?","Sehr direkte Antwort allerdings gut fachlich begründet. Quellen fehlen wieder. ","5","2025-03-26 21:24:34.002556"
"279","43","Kann Dupixent Ekzeme behandeln?","Zulassung für den Zweck wird hervorgehoben, auf Arzt hingewiesen. Sehr seriöse Antwort. Quellen fehlen. ","6","2025-03-26 21:26:18.467161"
"280","43","Können L-Theanin-Ergänzungsmittel Stress und Angst reduzieren?","Auf den ersten Blick glaubwürdig wirkende Antwort, aber wenig Hinweise die die Glaubwürdigkeit weiter fördern. Quellen fehlen. ","5","2025-03-26 21:28:53.573091"
"281","44","Ist ein lauwarmes Bad ein guter Weg um Fieber bei Kindern zu reduzieren?","schon gut formuliert, wie man es erwarten würde.","5","2025-03-27 19:11:03.999517"
"282","44","Hilft Selenium Krebs zu vermeiden?","Beispiel zur Vorsicht vorhanden und allgemein stimmiger, wie man es erwarten würde","5","2025-03-27 19:12:45.349191"
"283","44","Können L-Theanin-Ergänzungsmittel Stress und Angst reduzieren?","","4","2025-03-27 19:13:23.74586"
"284","44","Hilft Tylenol bei der Bewältigung von Arthrose-Symptomen?","","4","2025-03-27 19:14:11.341019"
"285","44","Kann Dupixent Ekzeme behandeln?","Kenn ich mich garnicht aus, könnte alles behaupten. Aber klingt schon in Ordnung ","3","2025-03-27 19:16:05.378843"
"286","44","Hilft fermentierte Milch bei Bluthochdruck?","","4","2025-03-27 19:16:25.284782"
"287","44","Ist ein lauwarmes Bad ein guter Weg um Fieber bei Kindern zu reduzieren?","klingt logisch, kann aber alles behaupten","4","2025-03-27 19:17:26.559167"
"288","45","Hilft Selenium Krebs zu vermeiden?","weist darauf hin, dass es ambivalente Studien dazu gibt. Kann aber auch nur kauderwelsch sein","4","2025-03-27 19:18:45.090201"
"289","45","Können L-Theanin-Ergänzungsmittel Stress und Angst reduzieren?","ziemlich ausführlich, aber naja","4","2025-03-27 19:19:13.575534"
"290","45","Hilft fermentierte Milch bei Bluthochdruck","klingt logisch, kenn ich mich aber nicht aus. Aber gut formuliert","4","2025-03-27 19:19:54.522247"
"291","45","Hilft Tylenol bei der Bewältigung von Arthrose-Symptomen?","ansprechend formuliert, aber naja - bin ich mir nicht sicher ","4","2025-03-27 19:21:32.575038"
"292","45","Ist ein lauwarmes Bad ein guter Weg um Fieber bei Kindern zu reduzieren?","klingt plausibel, bin ich mir aber nicht sicher","4","2025-03-27 19:21:57.915146"
"293","45","Kann Dupixent Ekzeme behandeln?","Ziemlich detailliert aber auch noch nicht wirklich überzeugend","4","2025-03-27 19:23:12.578941"
"294","46","Hilft Tylenol bei der Bewältigung von Arthrose-Symptomen?","","5","2025-03-28 11:23:47.826716"
"295","46","Hilft fermentierte Milch bei Bluthochdruck","","6","2025-03-28 11:24:22.849028"
"296","46","Kann Dupixent Ekzeme behandeln?","","4","2025-03-28 11:24:51.354996"
"297","46","Hilft Selenium Krebs zu vermeiden?","","3","2025-03-28 11:24:59.462267"
"298","46","Ist ein lauwarmes Bad ein guter Weg um Fieber bei Kindern zu reduzieren?","","2","2025-03-28 11:25:07.553813"
"299","46","Können L-Theanin-Ergänzungsmittel Stress und Angst reduzieren?","","6","2025-03-28 11:25:15.414507"
"300","49","Hilft fermentierte Milch bei Bluthochdruck","","5","2025-03-28 11:56:05.505324"
"301","49","Können L-Theanin-Ergänzungsmittel Stress und Angst reduzieren?","","6","2025-03-28 11:56:23.371257"
"302","49","Hilft Tylenol bei der Bewältigung von Arthrose-Symptomen?","","5","2025-03-28 11:56:39.825743"
"303","49","Kann Dupixent Ekzeme behandeln?","","6","2025-03-28 11:56:49.017605"
"304","49","Ist ein lauwarmes Bad ein guter Weg um Fieber bei Kindern zu reduzieren?","","7","2025-03-28 11:56:56.269561"
"305","49","Hilft Selenium Krebs zu vermeiden?","","6","2025-03-28 11:57:06.887753"
"306","50","Hilft Selenium Krebs zu vermeiden?","Aufgrund der ausführlichen Antwort wirkt diese sehr glaubwürdig.","6","2025-03-28 12:25:39.183343"
"307","50","Hilft fermentierte Milch bei Bluthochdruck?","Die Nutzung von Fachbegriffen und das Eingehen auf das Problem mit Beispielen wirkt sehr glaubwürdig.","7","2025-03-28 12:27:54.7198"
"308","50","Ist ein lauwarmes Bad ein guter Weg um Fieber bei Kindern zu reduzieren?","Dadurch, dass die Begriffe nicht unnötig kompliziert sind wirkt es ein bisschen unglaubwürdiger.","5","2025-03-28 12:28:53.750005"
"309","50","Können L-Theanin-Ergänzungsmittel Stress und Angst reduzieren?","Da fehlt ein Punkt am Satzende.","4","2025-03-28 12:29:49.398822"
"310","50","Kann Dupixent Ekzeme behandeln?","Sehr ausführliche und detaillierte Antwort.","7","2025-03-28 12:30:29.113829"
"311","50","Hilft Tylenol bei der Bewältigung von Arthrose-Symptomen?","Ausführlich und erweiterte Antwort.","6","2025-03-28 12:31:06.234295"
"312","51","Hilft Tylenol bei der Bewältigung von Arthrose-Symptomen?","Die gleichen Informationen würde man auch bei einer Google-Search selbst erhalten, weshalb meines Erachtens die Antwort glaubwürdig ist. Bei der selbstständigen Recherche kann man ebenfalls auf Fehlinformationen stoßen.","6","2025-03-28 19:27:43.938584"
"313","51","Ist ein lauwarmes Bad ein guter Weg um Fieber bei Kindern zu reduzieren?","Die Antwort ist glaubwürdig und hört sich selbsterklärend an und bestätigt eigene Annahmen (mit Quellen)","7","2025-03-28 19:28:58.628502"
"314","51","Hilft fermentierte Milch bei Bluthochdruck?","Die gleichen Ergebnisse würde man auch bei eigener Recherche erhalten, jedoch hat man sie hier sofort auf einem Überblick. Natürlich heißt das nicht, dass alle Informationen korrekt sind, aber es vereinfacht die Suche.","7","2025-03-28 19:30:19.51276"
"315","51","Hilft Selenium Krebs zu vermeiden?","Die Antwort kann glaubwürdig sein, aber bei manchen (schwerwiegenden) gesundheitlichen Problemen ist es immer sicherer sich ärztlichen Rat zu holen.","5","2025-03-28 19:31:37.024678"
"316","51","Können L-Theanin-Ergänzungsmittel Stress und Angst reduzieren?","Die Antwort scheint sehr plausibel und glaubwürdig. ","7","2025-03-28 19:32:24.967237"
"317","51","Kann Dupixent Ekzeme behandeln?","Es ist glaubwürdig und informativ. Ebenfalls ist es gut, dass die Antwort von Chatgpt auch betont, dass es Nebenwirkungen gibt und Vorsicht geboten ist.","7","2025-03-28 19:33:23.411369"
"318","52","Hilft fermentierte Milch bei Bluthochdruck","Grundsätzlich sammelt ChatGpt ja nur Infos die bereits existieren,  daher muss das ja tatsächlich irgendwie belegt sein.","5","2025-03-28 20:51:13.145809"
"319","52","Ist ein lauwarmes Bad ein guter Weg um Fieber bei Kindern zu reduzieren?","Ich finde es gut formuliert da es auch auf ärztlichen Rat verweist und empfiehlt wie man Fieber bei Kindern generelle handhaben sollte.","6","2025-03-28 20:55:14.279285"
"320","52","Hilft Tylenol bei der Bewältigung von Arthrose-Symptomen?","Die Antwort ist etwas zu generalisierend, es wird nicht auf ärztlichen Rat verwiesen wie es bei Krankheiten eigentlich immer der Fall sein sollte, auch sollte auf mögliche Risiken hingewiesen werden.","3","2025-03-28 20:56:59.197339"
"321","52","Kann Dupixent Ekzeme behandeln?","Ich fand gut dass die Antwort auf Risiken hingewiesen hat und auf Ärztlichen Rat verweist.","7","2025-03-28 20:58:38.080712"
"322","52","Können L-Theanin-Ergänzungsmittel Stress und Angst reduzieren?","Die Antwort ost eigentlich gut da sie die Frage positov beantwortet, jedoch sollte meiner meinung nach bei Medikamenten immer auf mögliche Nebenwirkungen/ärztlichen Rat hingewiesen werden","4","2025-03-28 21:03:10.472728"
"323","52","Hilft Selenium Krebs zu vermeiden?","Die Antwort ist gut da sie Studien nennt aber auch auf gesundheitliche Aspekte eingeht und warnt.","7","2025-03-28 21:09:04.405946"
"324","53","Hilft Selenium Krebs zu vermeiden?","Herzuleiten das selen Supplimentierung ernsthaft gegen krebs helfen würde ist sehr sehr schwierig und entbehrt sich jeglicher Glaubhaften relevanten medizinischen Grundlage und sollte hier deutlich mehr ins negative Licht gerückt werden. Die hier verbreitete Antwort ist sehr nah an der Schurblerei und muss mit viel vorsicht genoßen werden ","1","2025-03-28 23:16:46.402616"
"325","53","Hilft fermentierte Milch bei Bluthochdruck?","die hier gezeigte Antwort ist schonmal deutlich besser als die erste. DIeses Themenfeld ist deutlich besser erforscht und deswegen aknn hier eine klarere Aussage getroffen werden. ","4","2025-03-28 23:18:42.458918"
"326","53","Hilft Tylenol bei der Bewältigung von Arthrose-Symptomen?","Da es hier wieder um Medikamente geht wäre ich wieder Extrem Vorsichtig und würde aufgrund der Chat gpt Aussage nicht überzeugt sein und auf jeden Fall eien Zweit Meinung eines Arztes auf diesem Fachgebiet haben wollen","2","2025-03-28 23:21:05.829858"
"327","53","Ist ein lauwarmes Bad ein guter Weg um Fieber bei Kindern zu reduzieren?","Wie chat GBT hier schreibt KANN ein lauwarmes Bad unter Umständen zur Leichten Symtom besserung beitragen und wird DIrekt mit sinnvollen Sachen ergänzt wie der Medikamentösen Behandlung und Rückspreche mit dem Arzt ","4","2025-03-28 23:23:10.645838"
"328","53","Können L-Theanin-Ergänzungsmittel Stress und Angst reduzieren?","L theanin SUpplements als alleiniges Mittel bei so ein DIagnose zu empfehlen ohne auf den Mangelden Studien gehalt zu Zeugen ist sehr Kritisch deswegen Vorsicht,","2","2025-03-28 23:25:24.828629"
"329","53","Kann Dupixent Ekzeme behandeln?","hier wird Deutlich über die NEbenwirkung aufgeklärt und Auch nochmal Darauf hingewiesen das man es mit seinen Arzt be besprechen sollte was die Glaubwürdigkeit Stark erhöt","7","2025-03-28 23:27:00.903571"
"330","54","Kann Dupixent Ekzeme behandeln?","","4","2025-03-28 23:31:24.989519"
"331","55","Hilft Selenium Krebs zu vermeiden?","","3","2025-03-30 08:31:40.409127"
"332","55","Ist ein lauwarmes Bad ein guter Weg um Fieber bei Kindern zu reduzieren?","","6","2025-03-30 08:33:12.941029"
"333","55","Hilft fermentierte Milch bei Bluthochdruck","Fachbegriffe ","6","2025-03-30 08:33:50.620796"
"334","55","Hilft Tylenol bei der Bewältigung von Arthrose-Symptomen?","","3","2025-03-30 08:34:29.61603"
"335","55","Kann Dupixent Ekzeme behandeln?","Fachbegriffe ","5","2025-03-30 08:35:11.74179"
"336","55","Können L-Theanin-Ergänzungsmittel Stress und Angst reduzieren?","","3","2025-03-30 08:35:51.513454"
"337","56","Hilft Selenium Krebs zu vermeiden?","Macht schon Sinn, aber keine Beispiele bzw. Quellen zu den Studien.","5","2025-03-30 11:38:10.986703"
"338","56","Können L-Theanin-Ergänzungsmittel Stress und Angst reduzieren?","","6","2025-03-30 11:39:40.451321"
"339","56","Hilft Tylenol bei der Bewältigung von Arthrose-Symptomen?","","6","2025-03-30 11:41:03.836234"
"340","56","Ist ein lauwarmes Bad ein guter Weg um Fieber bei Kindern zu reduzieren?","","7","2025-03-30 11:42:12.904036"
"341","56","Hilft fermentierte Milch bei Bluthochdruck?","","4","2025-03-30 11:43:09.07619"
"342","56","Kann Dupixent Ekzeme behandeln?","","7","2025-03-30 11:43:45.515958"
"343","57","Hilft Selenium Krebs zu vermeiden?","Dadurch, dass es keine klare Antwort gibt, bzw. die Antwort sehr schwammig ist, glaube ich, dass die Antwort schon teilweise die Wahrheit beinhaltet, aber teilweise auch eben nicht.","4","2025-03-30 15:43:15.012793"
"344","57","Können L-Theanin-Ergänzungsmittel Stress und Angst reduzieren?","Scheint eine eindeutige Antwort zu sein, welche auch logische Argumente bringt um ihr zu glauben. ","6","2025-03-30 15:44:22.253023"
"345","57","Hilft fermentierte Milch bei Bluthochdruck?","Auch wieder eine logisch klingende eindeutige Antwort, der ich als Laie (!) glauben würde.","6","2025-03-30 15:45:36.896757"
"346","57","Ist ein lauwarmes Bad ein guter Weg um Fieber bei Kindern zu reduzieren?","Zwar eine eindeutige Antwort, jedoch fehlt hier die Begründung. Stattdessen gibt es eine Anleitung, welche ich trotzdem glauben schenken würde.","5","2025-03-30 15:47:08.961068"
"347","57","Hilft Tylenol bei der Bewältigung von Arthrose-Symptomen?","An sich würde ich der Antwort zwar glauben, mich allerdings aufgrund der schwammigen Antwort nicht drauf verlassen. Viel mehr würde ich bei solchen akuten Symptomen eher einen Arzt kontaktieren und das mit dem absprechen als mich auf Dr. ChatGPT zu verlassen. Hier ist das Vertrauen zur KI zu schwach und das Thema zu komplex. ","3","2025-03-30 15:50:20.944227"
"348","57","Kann Dupixent Ekzeme behandeln?","Die Antwort ist logisch erklärt und begründet. Viel mehr weist es aber auch auf die Risiken hin und empfiehlt deshalb diese Maßnahme mit einem Arzt abzusprechen, was also bedeutet, dass die KI sich seiner Grenzen an dieser Stelle bewusst ist.","7","2025-03-30 15:53:00.733766"
"349","59","Hilft Selenium Krebs zu vermeiden?","Grundsätzlich wurde recht objektiv berichtet und keine absoluten Aussagen getroffen, was die Glaubwürdigkeit unterstützt und ein wissenschaftliches Bild vermittelt. Leider fehlten mir hier quellen bzw. die genannten Studien.","5","2025-03-31 13:52:46.724245"
"350","59","Ist ein lauwarmes Bad ein guter Weg um Fieber bei Kindern zu reduzieren?","Wieder wurden keine absoluten Aussagen getroffen, was es glaubwürdiger macht. Ebenso fehlt woher die Info kommt und scheint in anbetracht des Hohen Fiebers eine nicht passende Antwort zu sein. Hätte mir evtl ein stärkeren Fokus auf die Ärtzliche / Medikamentöse Hilfe oder andere weniger gefährliche Methoden (Ohne Kälteschock) gewünscht.","5","2025-03-31 13:57:19.769564"
"351","59","Kann Dupixent Ekzeme behandeln?","Fande ich recht glaubwürdig, weil es zum einen die Wirkstoffe und Nebenwirkungen sachlich und verständlich erklärt hat. Der Hinweis es mit dem Arzt abzuklären finde ich bei eigener Medikamentösen Behandlung sehr wichtig. Lediglich haben mir wieder die Quellen gefehlt um diese Antwort als sehr glaubwürdig zu bewerten.","6","2025-03-31 14:02:12.913869"
"352","59","Hilft fermentierte Milch bei Bluthochdruck?","Ähnlich wie davor sachlich und ohne absolute aussagen geantwortet, auch den sachverhalt bzw die Wirkung erklärt aber wieder nur ""Studien"" genannt ohne diese aufzulisten und grundsätzlich keine Quellen angegeben. Für ein erstes grobes Verständnis finde ich die Antwort aber passend.","6","2025-03-31 14:05:31.15342"
"353","59","Können L-Theanin-Ergänzungsmittel Stress und Angst reduzieren?","Hier hatte ich das Gefühl dass viele Fremdwörter reingeworfen wurden ohne diese richtig zu erklären, kann das schwer beurteilen, aber wieder fehlen die Quellen","4","2025-03-31 14:08:36.30901"
"354","59","Hilft Tylenol bei der Bewältigung von Arthrose-Symptomen?","Mir fehlen die Quellen und der Hinweis für die Ärztliche Beratung. Sowie das Aufklären über Nebenwirkungen","3","2025-03-31 14:10:44.639969"